﻿<?xml version="1.0" encoding="utf-8" ?>
<languages>
  <language name="English" id="en">

    <!-- New language entries after Forms 2.1 should be placed here. We will send this file to translation company, and merge back to main set of files later -->
      <episerver>
          <forms>
              <validators>
                  <fileuploadelementselfvalidator>
                      <multiplefilenotallowed>Not allowed to upload multiple files.</multiplefilenotallowed>
                  </fileuploadelementselfvalidator>
              </validators>
          </forms>
      </episerver>
  </language>
</languages>
