<?xml version="1.0" encoding="utf-8" ?>
<languages>
  <language name="English" id="en">
      <episerver>
          <forms>
              <validators>
                  <fileuploadelementselfvalidator>
                      <multiplefilenotallowed>Not allowed to upload multiple files.</multiplefilenotallowed>
                  </fileuploadelementselfvalidator>
              </validators>
          </forms>
      </episerver>
	  <contenttypes>
		  <formcontainerblock>
			  <properties>
				  <resetconfirmationmessage>
					  <caption>Reset Confirmation message</caption>
					  <help>Message displays before reset of the form.</help>
				  </resetconfirmationmessage>
			  </properties>
		  </formcontainerblock>
	  </contenttypes>
  </language>
</languages>
